IndicatorCode,Indicator,ValueType,ParentLocationCode,ParentLocation,Location type,SpatialDimValueCode,Location,Period type,Period,IsLatestYear,Dim1 type,Dim1,Dim1ValueCode,Dim2 type,Dim2,Dim2ValueCode,Dim3 type,Dim3,Dim3ValueCode,DataSourceDimValueCode,DataSource,FactValueNumericPrefix,FactValueNumeric,FactValueUoM,FactValueNumericLowPrefix,FactValueNumericLow,FactValueNumericHighPrefix,FactValueNumericHigh,Value,FactValueTranslationID,FactComments,Language,DateModified
NCD_BMI_30C,"Prevalence of obesity among adults, BMI &GreaterEqual; 30 (crude estimate) (%)",numeric,WPR,Western Pacific,Country,AUS,Australia,Year,2022,true,Sex,Female,SEX_FMLE,Age Group,18+  years,AGEGROUP_YEARS18-PLUS,,,,,,,30.98,,,27.18,,35.04,31.0 [27.2-35.0],,,EN,2024-02-29T06:00:00.000Z
NCD_BMI_30C,"Prevalence of obesity among adults, BMI &GreaterEqual; 30 (crude estimate) (%)",numeric,WPR,Western Pacific,Country,AUS,Australia,Year,2022,true,Sex,Both sexes,SEX_BTSX,Age Group,18+  years,AGEGROUP_YEARS18-PLUS,,,,,,,31.82,,,28.96,,34.85,31.8 [29.0-34.9],,,EN,2024-02-29T06:00:00.000Z
NCD_BMI_30C,"Prevalence of obesity among adults, BMI &GreaterEqual; 30 (crude estimate) (%)",numeric,WPR,Western Pacific,Country,AUS,Australia,Year,2022,true,Sex,Male,SEX_MLE,Age Group,18+  years,AGEGROUP_YEARS18-PLUS,,,,,,,32.69,,,28.4,,37.26,32.7 [28.4-37.3],,,EN,2024-02-29T06:00:00.000Z
NCD_BMI_30C,"Prevalence of obesity among adults, BMI &GreaterEqual; 30 (crude estimate) (%)",numeric,WPR,Western Pacific,Country,CHN,China,Year,2022,true,Sex,Female,SEX_FMLE,Age Group,18+  years,AGEGROUP_YEARS18-PLUS,,,,,,,7.9,,,6.53,,9.37,7.9 [6.5-9.4],,,EN,2024-02-29T06:00:00.000Z
NCD_BMI_30C,"Prevalence of obesity among adults, BMI &GreaterEqual; 30 (crude estimate) (%)",numeric,WPR,Western Pacific,Country,CHN,China,Year,2022,true,Sex,Both sexes,SEX_BTSX,Age Group,18+  years,AGEGROUP_YEARS18-PLUS,,,,,,,8.21,,,7.19,,9.31,8.2 [7.2-9.3],,,EN,2024-02-29T06:00:00.000Z
NCD_BMI_30C,"Prevalence of obesity among adults, BMI &GreaterEqual; 30 (crude estimate) (%)",numeric,WPR,Western Pacific,Country,CHN,China,Year,2022,true,Sex,Male,SEX_MLE,Age Group,18+  years,AGEGROUP_YEARS18-PLUS,,,,,,,8.52,,,6.99,,10.25,8.5 [7.0-10.3],,,EN,2024-02-29T06:00:00.000Z
NCD_BMI_30C,"Prevalence of obesity among adults, BMI &GreaterEqual; 30 (crude estimate) (%)",numeric,WPR,Western Pacific,Country,AUS,Australia,Year,2021,false,Sex,Female,SEX_FMLE,Age Group,18+  years,AGEGROUP_YEARS18-PLUS,,,,,,,30.51,,,27.16,,34.07,30.5 [27.2-34.1],,,EN,2024-02-29T06:00:00.000Z
NCD_BMI_30C,"Prevalence of obesity among adults, BMI &GreaterEqual; 30 (crude estimate) (%)",numeric,WPR,Western Pacific,Country,AUS,Australia,Year,2021,false,Sex,Both sexes,SEX_BTSX,Age Group,18+  years,AGEGROUP_YEARS18-PLUS,,,,,,,31.26,,,28.73,,33.91,31.3 [28.7-33.9],,,EN,2024-02-29T06:00:00.000Z
NCD_BMI_30C,"Prevalence of obesity among adults, BMI &GreaterEqual; 30 (crude estimate) (%)",numeric,WPR,Western Pacific,Country,AUS,Australia,Year,2021,false,Sex,Male,SEX_MLE,Age Group,18+  years,AGEGROUP_YEARS18-PLUS,,,,,,,32.03,,,28.32,,36.04,32.0 [28.3-36.0],,,EN,2024-02-29T06:00:00.000Z
NCD_BMI_30C,"Prevalence of obesity among adults, BMI &GreaterEqual; 30 (crude estimate) (%)",numeric,WPR,Western Pacific,Country,CHN,China,Year,2021,false,Sex,Female,SEX_FMLE,Age Group,18+  years,AGEGROUP_YEARS18-PLUS,,,,,,,7.55,,,6.42,,8.78,7.6 [6.4-8.8],,,EN,2024-02-29T06:00:00.000Z
NCD_BMI_30C,"Prevalence of obesity among adults, BMI &GreaterEqual; 30 (crude estimate) (%)",numeric,WPR,Western Pacific,Country,CHN,China,Year,2021,false,Sex,Both sexes,SEX_BTSX,Age Group,18+  years,AGEGROUP_YEARS18-PLUS,,,,,,,7.78,,,6.93,,8.68,7.8 [6.9-8.7],,,EN,2024-02-29T06:00:00.000Z
NCD_BMI_30C,"Prevalence of obesity among adults, BMI &GreaterEqual; 30 (crude estimate) (%)",numeric,WPR,Western Pacific,Country,CHN,China,Year,2021,false,Sex,Male,SEX_MLE,Age Group,18+  years,AGEGROUP_YEARS18-PLUS,,,,,,,8,,,6.73,,9.42,8.0 [6.7-9.4],,,EN,2024-02-29T06:00:00.000Z
NCD_BMI_30C,"Prevalence of obesity among adults, BMI &GreaterEqual; 30 (crude estimate) (%)",numeric,WPR,Western Pacific,Country,AUS,Australia,Year,2020,false,Sex,Female,SEX_FMLE,Age Group,18+  years,AGEGROUP_YEARS18-PLUS,,,,,,,30.03,,,27.05,,33.18,30.0 [27.1-33.2],,,EN,2024-02-29T06:00:00.000Z
NCD_BMI_30C,"Prevalence of obesity among adults, BMI &GreaterEqual; 30 (crude estimate) (%)",numeric,WPR,Western Pacific,Country,AUS,Australia,Year,2020,false,Sex,Both sexes,SEX_BTSX,Age Group,18+  years,AGEGROUP_YEARS18-PLUS,,,,,,,30.69,,,28.5,,33.01,30.7 [28.5-33.0],,,EN,2024-02-29T06:00:00.000Z
NCD_BMI_30C,"Prevalence of obesity among adults, BMI &GreaterEqual; 30 (crude estimate) (%)",numeric,WPR,Western Pacific,Country,AUS,Australia,Year,2020,false,Sex,Male,SEX_MLE,Age Group,18+  years,AGEGROUP_YEARS18-PLUS,,,,,,,31.38,,,28.14,,34.85,31.4 [28.1-34.8],,,EN,2024-02-29T06:00:00.000Z
NCD_BMI_30C,"Prevalence of obesity among adults, BMI &GreaterEqual; 30 (crude estimate) (%)",numeric,WPR,Western Pacific,Country,CHN,China,Year,2020,false,Sex,Female,SEX_FMLE,Age Group,18+  years,AGEGROUP_YEARS18-PLUS,,,,,,,7.22,,,6.28,,8.23,7.2 [6.3-8.2],,,EN,2024-02-29T06:00:00.000Z
NCD_BMI_30C,"Prevalence of obesity among adults, BMI &GreaterEqual; 30 (crude estimate) (%)",numeric,WPR,Western Pacific,Country,CHN,China,Year,2020,false,Sex,Both sexes,SEX_BTSX,Age Group,18+  years,AGEGROUP_YEARS18-PLUS,,,,,,,7.36,,,6.67,,8.11,7.4 [6.7-8.1],,,EN,2024-02-29T06:00:00.000Z
NCD_BMI_30C,"Prevalence of obesity among adults, BMI &GreaterEqual; 30 (crude estimate) (%)",numeric,WPR,Western Pacific,Country,CHN,China,Year,2020,false,Sex,Male,SEX_MLE,Age Group,18+  years,AGEGROUP_YEARS18-PLUS,,,,,,,7.5,,,6.46,,8.64,7.5 [6.5-8.6],,,EN,2024-02-29T06:00:00.000Z
NCD_BMI_30C,"Prevalence of obesity among adults, BMI &GreaterEqual; 30 (crude estimate) (%)",numeric,WPR,Western Pacific,Country,AUS,Australia,Year,2019,false,Sex,Female,SEX_FMLE,Age Group,18+  years,AGEGROUP_YEARS18-PLUS,,,,,,,29.56,,,26.93,,32.38,29.6 [26.9-32.4],,,EN,2024-02-29T06:00:00.000Z
NCD_BMI_30C,"Prevalence of obesity among adults, BMI &GreaterEqual; 30 (crude estimate) (%)",numeric,WPR,Western Pacific,Country,AUS,Australia,Year,2019,false,Sex,Both sexes,SEX_BTSX,Age Group,18+  years,AGEGROUP_YEARS18-PLUS,,,,,,,30.15,,,28.22,,32.17,30.1 [28.2-32.2],,,EN,2024-02-29T06:00:00.000Z
NCD_BMI_30C,"Prevalence of obesity among adults, BMI &GreaterEqual; 30 (crude estimate) (%)",numeric,WPR,Western Pacific,Country,AUS,Australia,Year,2019,false,Sex,Male,SEX_MLE,Age Group,18+  years,AGEGROUP_YEARS18-PLUS,,,,,,,30.75,,,27.91,,33.77,30.8 [27.9-33.8],,,EN,2024-02-29T06:00:00.000Z
NCD_BMI_30C,"Prevalence of obesity among adults, BMI &GreaterEqual; 30 (crude estimate) (%)",numeric,WPR,Western Pacific,Country,CHN,China,Year,2019,false,Sex,Female,SEX_FMLE,Age Group,18+  years,AGEGROUP_YEARS18-PLUS,,,,,,,6.89,,,6.11,,7.73,6.9 [6.1-7.7],,,EN,2024-02-29T06:00:00.000Z
NCD_BMI_30C,"Prevalence of obesity among adults, BMI &GreaterEqual; 30 (crude estimate) (%)",numeric,WPR,Western Pacific,Country,CHN,China,Year,2019,false,Sex,Male,SEX_MLE,Age Group,18+  years,AGEGROUP_YEARS18-PLUS,,,,,,,7.03,,,6.2,,7.94,7.0 [6.2-7.9],,,EN,2024-02-29T06:00:00.000Z
NCD_BMI_30C,"Prevalence of obesity among adults, BMI &GreaterEqual; 30 (crude estimate) (%)",numeric,WPR,Western Pacific,Country,CHN,China,Year,2019,false,Sex,Both sexes,SEX_BTSX,Age Group,18+  years,AGEGROUP_YEARS18-PLUS,,,,,,,6.96,,,6.39,,7.56,7.0 [6.4-7.6],,,EN,2024-02-29T06:00:00.000Z
NCD_BMI_30C,"Prevalence of obesity among adults, BMI &GreaterEqual; 30 (crude estimate) (%)",numeric,WPR,Western Pacific,Country,AUS,Australia,Year,2018,false,Sex,Female,SEX_FMLE,Age Group,18+  years,AGEGROUP_YEARS18-PLUS,,,,,,,29.13,,,26.82,,31.58,29.1 [26.8-31.6],,,EN,2024-02-29T06:00:00.000Z
NCD_BMI_30C,"Prevalence of obesity among adults, BMI &GreaterEqual; 30 (crude estimate) (%)",numeric,WPR,Western Pacific,Country,AUS,Australia,Year,2018,false,Sex,Both sexes,SEX_BTSX,Age Group,18+  years,AGEGROUP_YEARS18-PLUS,,,,,,,29.64,,,27.93,,31.4,29.6 [27.9-31.4],,,EN,2024-02-29T06:00:00.000Z
NCD_BMI_30C,"Prevalence of obesity among adults, BMI &GreaterEqual; 30 (crude estimate) (%)",numeric,WPR,Western Pacific,Country,AUS,Australia,Year,2018,false,Sex,Male,SEX_MLE,Age Group,18+  years,AGEGROUP_YEARS18-PLUS,,,,,,,30.18,,,27.73,,32.81,30.2 [27.7-32.8],,,EN,2024-02-29T06:00:00.000Z
NCD_BMI_30C,"Prevalence of obesity among adults, BMI &GreaterEqual; 30 (crude estimate) (%)",numeric,WPR,Western Pacific,Country,CHN,China,Year,2018,false,Sex,Female,SEX_FMLE,Age Group,18+  years,AGEGROUP_YEARS18-PLUS,,,,,,,6.57,,,5.93,,7.27,6.6 [5.9-7.3],,,EN,2024-02-29T06:00:00.000Z
NCD_BMI_30C,"Prevalence of obesity among adults, BMI &GreaterEqual; 30 (crude estimate) (%)",numeric,WPR,Western Pacific,Country,CHN,China,Year,2018,false,Sex,Male,SEX_MLE,Age Group,18+  years,AGEGROUP_YEARS18-PLUS,,,,,,,6.6,,,5.91,,7.34,6.6 [5.9-7.3],,,EN,2024-02-29T06:00:00.000Z
NCD_BMI_30C,"Prevalence of obesity among adults, BMI &GreaterEqual; 30 (crude estimate) (%)",numeric,WPR,Western Pacific,Country,CHN,China,Year,2018,false,Sex,Both sexes,SEX_BTSX,Age Group,18+  years,AGEGROUP_YEARS18-PLUS,,,,,,,6.58,,,6.11,,7.08,6.6 [6.1-7.1],,,EN,2024-02-29T06:00:00.000Z
NCD_BMI_30C,"Prevalence of obesity among adults, BMI &GreaterEqual; 30 (crude estimate) (%)",numeric,WPR,Western Pacific,Country,AUS,Australia,Year,2017,false,Sex,Female,SEX_FMLE,Age Group,18+  years,AGEGROUP_YEARS18-PLUS,,,,,,,28.7,,,26.64,,30.89,28.7 [26.6-30.9],,,EN,2024-02-29T06:00:00.000Z
NCD_BMI_30C,"Prevalence of obesity among adults, BMI &GreaterEqual; 30 (crude estimate) (%)",numeric,WPR,Western Pacific,Country,AUS,Australia,Year,2017,false,Sex,Both sexes,SEX_BTSX,Age Group,18+  years,AGEGROUP_YEARS18-PLUS,,,,,,,29.15,,,27.64,,30.68,29.1 [27.6-30.7],,,EN,2024-02-29T06:00:00.000Z
NCD_BMI_30C,"Prevalence of obesity among adults, BMI &GreaterEqual; 30 (crude estimate) (%)",numeric,WPR,Western Pacific,Country,AUS,Australia,Year,2017,false,Sex,Male,SEX_MLE,Age Group,18+  years,AGEGROUP_YEARS18-PLUS,,,,,,,29.61,,,27.41,,31.99,29.6 [27.4-32.0],,,EN,2024-02-29T06:00:00.000Z
NCD_BMI_30C,"Prevalence of obesity among adults, BMI &GreaterEqual; 30 (crude estimate) (%)",numeric,WPR,Western Pacific,Country,CHN,China,Year,2017,false,Sex,Male,SEX_MLE,Age Group,18+  years,AGEGROUP_YEARS18-PLUS,,,,,,,6.18,,,5.62,,6.77,6.2 [5.6-6.8],,,EN,2024-02-29T06:00:00.000Z
NCD_BMI_30C,"Prevalence of obesity among adults, BMI &GreaterEqual; 30 (crude estimate) (%)",numeric,WPR,Western Pacific,Country,CHN,China,Year,2017,false,Sex,Both sexes,SEX_BTSX,Age Group,18+  years,AGEGROUP_YEARS18-PLUS,,,,,,,6.22,,,5.83,,6.63,6.2 [5.8-6.6],,,EN,2024-02-29T06:00:00.000Z
NCD_BMI_30C,"Prevalence of obesity among adults, BMI &GreaterEqual; 30 (crude estimate) (%)",numeric,WPR,Western Pacific,Country,CHN,China,Year,2017,false,Sex,Female,SEX_FMLE,Age Group,18+  years,AGEGROUP_YEARS18-PLUS,,,,,,,6.27,,,5.73,,6.83,6.3 [5.7-6.8],,,EN,2024-02-29T06:00:00.000Z
NCD_BMI_30C,"Prevalence of obesity among adults, BMI &GreaterEqual; 30 (crude estimate) (%)",numeric,WPR,Western Pacific,Country,AUS,Australia,Year,2016,false,Sex,Female,SEX_FMLE,Age Group,18+  years,AGEGROUP_YEARS18-PLUS,,,,,,,28.27,,,26.37,,30.25,28.3 [26.4-30.3],,,EN,2024-02-29T06:00:00.000Z
NCD_BMI_30C,"Prevalence of obesity among adults, BMI &GreaterEqual; 30 (crude estimate) (%)",numeric,WPR,Western Pacific,Country,AUS,Australia,Year,2016,false,Sex,Both sexes,SEX_BTSX,Age Group,18+  years,AGEGROUP_YEARS18-PLUS,,,,,,,28.66,,,27.29,,30.05,28.7 [27.3-30.1],,,EN,2024-02-29T06:00:00.000Z
NCD_BMI_30C,"Prevalence of obesity among adults, BMI &GreaterEqual; 30 (crude estimate) (%)",numeric,WPR,Western Pacific,Country,AUS,Australia,Year,2016,false,Sex,Male,SEX_MLE,Age Group,18+  years,AGEGROUP_YEARS18-PLUS,,,,,,,29.06,,,27.07,,31.21,29.1 [27.1-31.2],,,EN,2024-02-29T06:00:00.000Z
NCD_BMI_30C,"Prevalence of obesity among adults, BMI &GreaterEqual; 30 (crude estimate) (%)",numeric,WPR,Western Pacific,Country,CHN,China,Year,2016,false,Sex,Male,SEX_MLE,Age Group,18+  years,AGEGROUP_YEARS18-PLUS,,,,,,,5.77,,,5.3,,6.26,5.8 [5.3-6.3],,,EN,2024-02-29T06:00:00.000Z
NCD_BMI_30C,"Prevalence of obesity among adults, BMI &GreaterEqual; 30 (crude estimate) (%)",numeric,WPR,Western Pacific,Country,CHN,China,Year,2016,false,Sex,Both sexes,SEX_BTSX,Age Group,18+  years,AGEGROUP_YEARS18-PLUS,,,,,,,5.87,,,5.54,,6.21,5.9 [5.5-6.2],,,EN,2024-02-29T06:00:00.000Z
NCD_BMI_30C,"Prevalence of obesity among adults, BMI &GreaterEqual; 30 (crude estimate) (%)",numeric,WPR,Western Pacific,Country,CHN,China,Year,2016,false,Sex,Female,SEX_FMLE,Age Group,18+  years,AGEGROUP_YEARS18-PLUS,,,,,,,5.97,,,5.51,,6.44,6.0 [5.5-6.4],,,EN,2024-02-29T06:00:00.000Z
NCD_BMI_30C,"Prevalence of obesity among adults, BMI &GreaterEqual; 30 (crude estimate) (%)",numeric,WPR,Western Pacific,Country,AUS,Australia,Year,2015,false,Sex,Female,SEX_FMLE,Age Group,18+  years,AGEGROUP_YEARS18-PLUS,,,,,,,27.84,,,26.06,,29.66,27.8 [26.1-29.7],,,EN,2024-02-29T06:00:00.000Z
NCD_BMI_30C,"Prevalence of obesity among adults, BMI &GreaterEqual; 30 (crude estimate) (%)",numeric,WPR,Western Pacific,Country,AUS,Australia,Year,2015,false,Sex,Both sexes,SEX_BTSX,Age Group,18+  years,AGEGROUP_YEARS18-PLUS,,,,,,,28.17,,,26.92,,29.47,28.2 [26.9-29.5],,,EN,2024-02-29T06:00:00.000Z
NCD_BMI_30C,"Prevalence of obesity among adults, BMI &GreaterEqual; 30 (crude estimate) (%)",numeric,WPR,Western Pacific,Country,AUS,Australia,Year,2015,false,Sex,Male,SEX_MLE,Age Group,18+  years,AGEGROUP_YEARS18-PLUS,,,,,,,28.51,,,26.71,,30.51,28.5 [26.7-30.5],,,EN,2024-02-29T06:00:00.000Z
NCD_BMI_30C,"Prevalence of obesity among adults, BMI &GreaterEqual; 30 (crude estimate) (%)",numeric,WPR,Western Pacific,Country,CHN,China,Year,2015,false,Sex,Male,SEX_MLE,Age Group,18+  years,AGEGROUP_YEARS18-PLUS,,,,,,,5.37,,,4.97,,5.79,5.4 [5.0-5.8],,,EN,2024-02-29T06:00:00.000Z
NCD_BMI_30C,"Prevalence of obesity among adults, BMI &GreaterEqual; 30 (crude estimate) (%)",numeric,WPR,Western Pacific,Country,CHN,China,Year,2015,false,Sex,Both sexes,SEX_BTSX,Age Group,18+  years,AGEGROUP_YEARS18-PLUS,,,,,,,5.52,,,5.24,,5.82,5.5 [5.2-5.8],,,EN,2024-02-29T06:00:00.000Z
NCD_BMI_30C,"Prevalence of obesity among adults, BMI &GreaterEqual; 30 (crude estimate) (%)",numeric,WPR,Western Pacific,Country,CHN,China,Year,2015,false,Sex,Female,SEX_FMLE,Age Group,18+  years,AGEGROUP_YEARS18-PLUS,,,,,,,5.68,,,5.28,,6.09,5.7 [5.3-6.1],,,EN,2024-02-29T06:00:00.000Z
NCD_BMI_30C,"Prevalence of obesity among adults, BMI &GreaterEqual; 30 (crude estimate) (%)",numeric,WPR,Western Pacific,Country,AUS,Australia,Year,2014,false,Sex,Female,SEX_FMLE,Age Group,18+  years,AGEGROUP_YEARS18-PLUS,,,,,,,27.42,,,25.76,,29.13,27.4 [25.8-29.1],,,EN,2024-02-29T06:00:00.000Z
NCD_BMI_30C,"Prevalence of obesity among adults, BMI &GreaterEqual; 30 (crude estimate) (%)",numeric,WPR,Western Pacific,Country,AUS,Australia,Year,2014,false,Sex,Both sexes,SEX_BTSX,Age Group,18+  years,AGEGROUP_YEARS18-PLUS,,,,,,,27.7,,,26.54,,28.91,27.7 [26.5-28.9],,,EN,2024-02-29T06:00:00.000Z
NCD_BMI_30C,"Prevalence of obesity among adults, BMI &GreaterEqual; 30 (crude estimate) (%)",numeric,WPR,Western Pacific,Country,AUS,Australia,Year,2014,false,Sex,Male,SEX_MLE,Age Group,18+  years,AGEGROUP_YEARS18-PLUS,,,,,,,28,,,26.33,,29.84,28.0 [26.3-29.8],,,EN,2024-02-29T06:00:00.000Z
NCD_BMI_30C,"Prevalence of obesity among adults, BMI &GreaterEqual; 30 (crude estimate) (%)",numeric,WPR,Western Pacific,Country,CHN,China,Year,2014,false,Sex,Male,SEX_MLE,Age Group,18+  years,AGEGROUP_YEARS18-PLUS,,,,,,,4.99,,,4.65,,5.36,5.0 [4.6-5.4],,,EN,2024-02-29T06:00:00.000Z
NCD_BMI_30C,"Prevalence of obesity among adults, BMI &GreaterEqual; 30 (crude estimate) (%)",numeric,WPR,Western Pacific,Country,CHN,China,Year,2014,false,Sex,Both sexes,SEX_BTSX,Age Group,18+  years,AGEGROUP_YEARS18-PLUS,,,,,,,5.19,,,4.94,,5.45,5.2 [4.9-5.5],,,EN,2024-02-29T06:00:00.000Z
NCD_BMI_30C,"Prevalence of obesity among adults, BMI &GreaterEqual; 30 (crude estimate) (%)",numeric,WPR,Western Pacific,Country,CHN,China,Year,2014,false,Sex,Female,SEX_FMLE,Age Group,18+  years,AGEGROUP_YEARS18-PLUS,,,,,,,5.39,,,5.05,,5.76,5.4 [5.0-5.8],,,EN,2024-02-29T06:00:00.000Z
NCD_BMI_30C,"Prevalence of obesity among adults, BMI &GreaterEqual; 30 (crude estimate) (%)",numeric,WPR,Western Pacific,Country,AUS,Australia,Year,2013,false,Sex,Female,SEX_FMLE,Age Group,18+  years,AGEGROUP_YEARS18-PLUS,,,,,,,27,,,25.43,,28.65,27.0 [25.4-28.6],,,EN,2024-02-29T06:00:00.000Z
NCD_BMI_30C,"Prevalence of obesity among adults, BMI &GreaterEqual; 30 (crude estimate) (%)",numeric,WPR,Western Pacific,Country,AUS,Australia,Year,2013,false,Sex,Both sexes,SEX_BTSX,Age Group,18+  years,AGEGROUP_YEARS18-PLUS,,,,,,,27.26,,,26.13,,28.41,27.3 [26.1-28.4],,,EN,2024-02-29T06:00:00.000Z
NCD_BMI_30C,"Prevalence of obesity among adults, BMI &GreaterEqual; 30 (crude estimate) (%)",numeric,WPR,Western Pacific,Country,AUS,Australia,Year,2013,false,Sex,Male,SEX_MLE,Age Group,18+  years,AGEGROUP_YEARS18-PLUS,,,,,,,27.52,,,25.89,,29.29,27.5 [25.9-29.3],,,EN,2024-02-29T06:00:00.000Z
NCD_BMI_30C,"Prevalence of obesity among adults, BMI &GreaterEqual; 30 (crude estimate) (%)",numeric,WPR,Western Pacific,Country,CHN,China,Year,2013,false,Sex,Male,SEX_MLE,Age Group,18+  years,AGEGROUP_YEARS18-PLUS,,,,,,,4.64,,,4.33,,4.97,4.6 [4.3-5.0],,,EN,2024-02-29T06:00:00.000Z
NCD_BMI_30C,"Prevalence of obesity among adults, BMI &GreaterEqual; 30 (crude estimate) (%)",numeric,WPR,Western Pacific,Country,CHN,China,Year,2013,false,Sex,Both sexes,SEX_BTSX,Age Group,18+  years,AGEGROUP_YEARS18-PLUS,,,,,,,4.88,,,4.66,,5.12,4.9 [4.7-5.1],,,EN,2024-02-29T06:00:00.000Z
NCD_BMI_30C,"Prevalence of obesity among adults, BMI &GreaterEqual; 30 (crude estimate) (%)",numeric,WPR,Western Pacific,Country,CHN,China,Year,2013,false,Sex,Female,SEX_FMLE,Age Group,18+  years,AGEGROUP_YEARS18-PLUS,,,,,,,5.12,,,4.81,,5.47,5.1 [4.8-5.5],,,EN,2024-02-29T06:00:00.000Z
NCD_BMI_30C,"Prevalence of obesity among adults, BMI &GreaterEqual; 30 (crude estimate) (%)",numeric,WPR,Western Pacific,Country,AUS,Australia,Year,2012,false,Sex,Female,SEX_FMLE,Age Group,18+  years,AGEGROUP_YEARS18-PLUS,,,,,,,26.6,,,25.07,,28.18,26.6 [25.1-28.2],,,EN,2024-02-29T06:00:00.000Z
NCD_BMI_30C,"Prevalence of obesity among adults, BMI &GreaterEqual; 30 (crude estimate) (%)",numeric,WPR,Western Pacific,Country,AUS,Australia,Year,2012,false,Sex,Both sexes,SEX_BTSX,Age Group,18+  years,AGEGROUP_YEARS18-PLUS,,,,,,,26.83,,,25.73,,27.96,26.8 [25.7-28.0],,,EN,2024-02-29T06:00:00.000Z
NCD_BMI_30C,"Prevalence of obesity among adults, BMI &GreaterEqual; 30 (crude estimate) (%)",numeric,WPR,Western Pacific,Country,AUS,Australia,Year,2012,false,Sex,Male,SEX_MLE,Age Group,18+  years,AGEGROUP_YEARS18-PLUS,,,,,,,27.06,,,25.49,,28.77,27.1 [25.5-28.8],,,EN,2024-02-29T06:00:00.000Z
NCD_BMI_30C,"Prevalence of obesity among adults, BMI &GreaterEqual; 30 (crude estimate) (%)",numeric,WPR,Western Pacific,Country,CHN,China,Year,2012,false,Sex,Male,SEX_MLE,Age Group,18+  years,AGEGROUP_YEARS18-PLUS,,,,,,,4.32,,,4.03,,4.61,4.3 [4.0-4.6],,,EN,2024-02-29T06:00:00.000Z
NCD_BMI_30C,"Prevalence of obesity among adults, BMI &GreaterEqual; 30 (crude estimate) (%)",numeric,WPR,Western Pacific,Country,CHN,China,Year,2012,false,Sex,Both sexes,SEX_BTSX,Age Group,18+  years,AGEGROUP_YEARS18-PLUS,,,,,,,4.59,,,4.38,,4.8,4.6 [4.4-4.8],,,EN,2024-02-29T06:00:00.000Z
NCD_BMI_30C,"Prevalence of obesity among adults, BMI &GreaterEqual; 30 (crude estimate) (%)",numeric,WPR,Western Pacific,Country,CHN,China,Year,2012,false,Sex,Female,SEX_FMLE,Age Group,18+  years,AGEGROUP_YEARS18-PLUS,,,,,,,4.86,,,4.56,,5.18,4.9 [4.6-5.2],,,EN,2024-02-29T06:00:00.000Z
NCD_BMI_30C,"Prevalence of obesity among adults, BMI &GreaterEqual; 30 (crude estimate) (%)",numeric,WPR,Western Pacific,Country,AUS,Australia,Year,2011,false,Sex,Female,SEX_FMLE,Age Group,18+  years,AGEGROUP_YEARS18-PLUS,,,,,,,26.19,,,24.69,,27.75,26.2 [24.7-27.8],,,EN,2024-02-29T06:00:00.000Z
NCD_BMI_30C,"Prevalence of obesity among adults, BMI &GreaterEqual; 30 (crude estimate) (%)",numeric,WPR,Western Pacific,Country,AUS,Australia,Year,2011,false,Sex,Both sexes,SEX_BTSX,Age Group,18+  years,AGEGROUP_YEARS18-PLUS,,,,,,,26.4,,,25.31,,27.52,26.4 [25.3-27.5],,,EN,2024-02-29T06:00:00.000Z
NCD_BMI_30C,"Prevalence of obesity among adults, BMI &GreaterEqual; 30 (crude estimate) (%)",numeric,WPR,Western Pacific,Country,AUS,Australia,Year,2011,false,Sex,Male,SEX_MLE,Age Group,18+  years,AGEGROUP_YEARS18-PLUS,,,,,,,26.62,,,25.04,,28.25,26.6 [25.0-28.2],,,EN,2024-02-29T06:00:00.000Z
NCD_BMI_30C,"Prevalence of obesity among adults, BMI &GreaterEqual; 30 (crude estimate) (%)",numeric,WPR,Western Pacific,Country,CHN,China,Year,2011,false,Sex,Male,SEX_MLE,Age Group,18+  years,AGEGROUP_YEARS18-PLUS,,,,,,,4.01,,,3.74,,4.29,4.0 [3.7-4.3],,,EN,2024-02-29T06:00:00.000Z
NCD_BMI_30C,"Prevalence of obesity among adults, BMI &GreaterEqual; 30 (crude estimate) (%)",numeric,WPR,Western Pacific,Country,CHN,China,Year,2011,false,Sex,Both sexes,SEX_BTSX,Age Group,18+  years,AGEGROUP_YEARS18-PLUS,,,,,,,4.31,,,4.11,,4.51,4.3 [4.1-4.5],,,EN,2024-02-29T06:00:00.000Z
NCD_BMI_30C,"Prevalence of obesity among adults, BMI &GreaterEqual; 30 (crude estimate) (%)",numeric,WPR,Western Pacific,Country,CHN,China,Year,2011,false,Sex,Female,SEX_FMLE,Age Group,18+  years,AGEGROUP_YEARS18-PLUS,,,,,,,4.61,,,4.32,,4.91,4.6 [4.3-4.9],,,EN,2024-02-29T06:00:00.000Z
NCD_BMI_30C,"Prevalence of obesity among adults, BMI &GreaterEqual; 30 (crude estimate) (%)",numeric,WPR,Western Pacific,Country,AUS,Australia,Year,2010,false,Sex,Female,SEX_FMLE,Age Group,18+  years,AGEGROUP_YEARS18-PLUS,,,,,,,25.77,,,24.28,,27.33,25.8 [24.3-27.3],,,EN,2024-02-29T06:00:00.000Z
NCD_BMI_30C,"Prevalence of obesity among adults, BMI &GreaterEqual; 30 (crude estimate) (%)",numeric,WPR,Western Pacific,Country,AUS,Australia,Year,2010,false,Sex,Both sexes,SEX_BTSX,Age Group,18+  years,AGEGROUP_YEARS18-PLUS,,,,,,,25.96,,,24.85,,27.08,26.0 [24.9-27.1],,,EN,2024-02-29T06:00:00.000Z
NCD_BMI_30C,"Prevalence of obesity among adults, BMI &GreaterEqual; 30 (crude estimate) (%)",numeric,WPR,Western Pacific,Country,AUS,Australia,Year,2010,false,Sex,Male,SEX_MLE,Age Group,18+  years,AGEGROUP_YEARS18-PLUS,,,,,,,26.15,,,24.57,,27.79,26.2 [24.6-27.8],,,EN,2024-02-29T06:00:00.000Z
NCD_BMI_30C,"Prevalence of obesity among adults, BMI &GreaterEqual; 30 (crude estimate) (%)",numeric,WPR,Western Pacific,Country,CHN,China,Year,2010,false,Sex,Male,SEX_MLE,Age Group,18+  years,AGEGROUP_YEARS18-PLUS,,,,,,,3.73,,,3.47,,4,3.7 [3.5-4.0],,,EN,2024-02-29T06:00:00.000Z
NCD_BMI_30C,"Prevalence of obesity among adults, BMI &GreaterEqual; 30 (crude estimate) (%)",numeric,WPR,Western Pacific,Country,CHN,China,Year,2010,false,Sex,Both sexes,SEX_BTSX,Age Group,18+  years,AGEGROUP_YEARS18-PLUS,,,,,,,4.05,,,3.85,,4.25,4.0 [3.9-4.2],,,EN,2024-02-29T06:00:00.000Z
NCD_BMI_30C,"Prevalence of obesity among adults, BMI &GreaterEqual; 30 (crude estimate) (%)",numeric,WPR,Western Pacific,Country,CHN,China,Year,2010,false,Sex,Female,SEX_FMLE,Age Group,18+  years,AGEGROUP_YEARS18-PLUS,,,,,,,4.36,,,4.09,,4.66,4.4 [4.1-4.7],,,EN,2024-02-29T06:00:00.000Z
NCD_BMI_30C,"Prevalence of obesity among adults, BMI &GreaterEqual; 30 (crude estimate) (%)",numeric,WPR,Western Pacific,Country,AUS,Australia,Year,2009,false,Sex,Female,SEX_FMLE,Age Group,18+  years,AGEGROUP_YEARS18-PLUS,,,,,,,25.34,,,23.84,,26.9,25.3 [23.8-26.9],,,EN,2024-02-29T06:00:00.000Z
NCD_BMI_30C,"Prevalence of obesity among adults, BMI &GreaterEqual; 30 (crude estimate) (%)",numeric,WPR,Western Pacific,Country,AUS,Australia,Year,2009,false,Sex,Both sexes,SEX_BTSX,Age Group,18+  years,AGEGROUP_YEARS18-PLUS,,,,,,,25.51,,,24.4,,26.61,25.5 [24.4-26.6],,,EN,2024-02-29T06:00:00.000Z
NCD_BMI_30C,"Prevalence of obesity among adults, BMI &GreaterEqual; 30 (crude estimate) (%)",numeric,WPR,Western Pacific,Country,AUS,Australia,Year,2009,false,Sex,Male,SEX_MLE,Age Group,18+  years,AGEGROUP_YEARS18-PLUS,,,,,,,25.68,,,24.08,,27.32,25.7 [24.1-27.3],,,EN,2024-02-29T06:00:00.000Z
NCD_BMI_30C,"Prevalence of obesity among adults, BMI &GreaterEqual; 30 (crude estimate) (%)",numeric,WPR,Western Pacific,Country,CHN,China,Year,2009,false,Sex,Male,SEX_MLE,Age Group,18+  years,AGEGROUP_YEARS18-PLUS,,,,,,,3.46,,,3.22,,3.72,3.5 [3.2-3.7],,,EN,2024-02-29T06:00:00.000Z
NCD_BMI_30C,"Prevalence of obesity among adults, BMI &GreaterEqual; 30 (crude estimate) (%)",numeric,WPR,Western Pacific,Country,CHN,China,Year,2009,false,Sex,Both sexes,SEX_BTSX,Age Group,18+  years,AGEGROUP_YEARS18-PLUS,,,,,,,3.8,,,3.61,,3.99,3.8 [3.6-4.0],,,EN,2024-02-29T06:00:00.000Z
NCD_BMI_30C,"Prevalence of obesity among adults, BMI &GreaterEqual; 30 (crude estimate) (%)",numeric,WPR,Western Pacific,Country,CHN,China,Year,2009,false,Sex,Female,SEX_FMLE,Age Group,18+  years,AGEGROUP_YEARS18-PLUS,,,,,,,4.14,,,3.86,,4.42,4.1 [3.9-4.4],,,EN,2024-02-29T06:00:00.000Z
NCD_BMI_30C,"Prevalence of obesity among adults, BMI &GreaterEqual; 30 (crude estimate) (%)",numeric,WPR,Western Pacific,Country,AUS,Australia,Year,2008,false,Sex,Female,SEX_FMLE,Age Group,18+  years,AGEGROUP_YEARS18-PLUS,,,,,,,24.92,,,23.4,,26.47,24.9 [23.4-26.5],,,EN,2024-02-29T06:00:00.000Z
NCD_BMI_30C,"Prevalence of obesity among adults, BMI &GreaterEqual; 30 (crude estimate) (%)",numeric,WPR,Western Pacific,Country,AUS,Australia,Year,2008,false,Sex,Both sexes,SEX_BTSX,Age Group,18+  years,AGEGROUP_YEARS18-PLUS,,,,,,,25.05,,,23.95,,26.15,25.1 [23.9-26.2],,,EN,2024-02-29T06:00:00.000Z
NCD_BMI_30C,"Prevalence of obesity among adults, BMI &GreaterEqual; 30 (crude estimate) (%)",numeric,WPR,Western Pacific,Country,AUS,Australia,Year,2008,false,Sex,Male,SEX_MLE,Age Group,18+  years,AGEGROUP_YEARS18-PLUS,,,,,,,25.19,,,23.57,,26.84,25.2 [23.6-26.8],,,EN,2024-02-29T06:00:00.000Z
NCD_BMI_30C,"Prevalence of obesity among adults, BMI &GreaterEqual; 30 (crude estimate) (%)",numeric,WPR,Western Pacific,Country,CHN,China,Year,2008,false,Sex,Male,SEX_MLE,Age Group,18+  years,AGEGROUP_YEARS18-PLUS,,,,,,,3.2,,,2.96,,3.45,3.2 [3.0-3.5],,,EN,2024-02-29T06:00:00.000Z
NCD_BMI_30C,"Prevalence of obesity among adults, BMI &GreaterEqual; 30 (crude estimate) (%)",numeric,WPR,Western Pacific,Country,CHN,China,Year,2008,false,Sex,Both sexes,SEX_BTSX,Age Group,18+  years,AGEGROUP_YEARS18-PLUS,,,,,,,3.56,,,3.37,,3.75,3.6 [3.4-3.7],,,EN,2024-02-29T06:00:00.000Z
NCD_BMI_30C,"Prevalence of obesity among adults, BMI &GreaterEqual; 30 (crude estimate) (%)",numeric,WPR,Western Pacific,Country,CHN,China,Year,2008,false,Sex,Female,SEX_FMLE,Age Group,18+  years,AGEGROUP_YEARS18-PLUS,,,,,,,3.91,,,3.64,,4.19,3.9 [3.6-4.2],,,EN,2024-02-29T06:00:00.000Z
NCD_BMI_30C,"Prevalence of obesity among adults, BMI &GreaterEqual; 30 (crude estimate) (%)",numeric,WPR,Western Pacific,Country,AUS,Australia,Year,2007,false,Sex,Female,SEX_FMLE,Age Group,18+  years,AGEGROUP_YEARS18-PLUS,,,,,,,24.48,,,22.94,,26.03,24.5 [22.9-26.0],,,EN,2024-02-29T06:00:00.000Z
NCD_BMI_30C,"Prevalence of obesity among adults, BMI &GreaterEqual; 30 (crude estimate) (%)",numeric,WPR,Western Pacific,Country,AUS,Australia,Year,2007,false,Sex,Both sexes,SEX_BTSX,Age Group,18+  years,AGEGROUP_YEARS18-PLUS,,,,,,,24.57,,,23.47,,25.69,24.6 [23.5-25.7],,,EN,2024-02-29T06:00:00.000Z
NCD_BMI_30C,"Prevalence of obesity among adults, BMI &GreaterEqual; 30 (crude estimate) (%)",numeric,WPR,Western Pacific,Country,AUS,Australia,Year,2007,false,Sex,Male,SEX_MLE,Age Group,18+  years,AGEGROUP_YEARS18-PLUS,,,,,,,24.66,,,23.06,,26.33,24.7 [23.1-26.3],,,EN,2024-02-29T06:00:00.000Z
NCD_BMI_30C,"Prevalence of obesity among adults, BMI &GreaterEqual; 30 (crude estimate) (%)",numeric,WPR,Western Pacific,Country,CHN,China,Year,2007,false,Sex,Male,SEX_MLE,Age Group,18+  years,AGEGROUP_YEARS18-PLUS,,,,,,,2.96,,,2.72,,3.21,3.0 [2.7-3.2],,,EN,2024-02-29T06:00:00.000Z
NCD_BMI_30C,"Prevalence of obesity among adults, BMI &GreaterEqual; 30 (crude estimate) (%)",numeric,WPR,Western Pacific,Country,CHN,China,Year,2007,false,Sex,Both sexes,SEX_BTSX,Age Group,18+  years,AGEGROUP_YEARS18-PLUS,,,,,,,3.33,,,3.15,,3.51,3.3 [3.1-3.5],,,EN,2024-02-29T06:00:00.000Z
NCD_BMI_30C,"Prevalence of obesity among adults, BMI &GreaterEqual; 30 (crude estimate) (%)",numeric,WPR,Western Pacific,Country,CHN,China,Year,2007,false,Sex,Female,SEX_FMLE,Age Group,18+  years,AGEGROUP_YEARS18-PLUS,,,,,,,3.7,,,3.44,,3.98,3.7 [3.4-4.0],,,EN,2024-02-29T06:00:00.000Z
NCD_BMI_30C,"Prevalence of obesity among adults, BMI &GreaterEqual; 30 (crude estimate) (%)",numeric,WPR,Western Pacific,Country,CHN,China,Year,2006,false,Sex,Male,SEX_MLE,Age Group,18+  years,AGEGROUP_YEARS18-PLUS,,,,,,,2.73,,,2.5,,2.97,2.7 [2.5-3.0],,,EN,2024-02-29T06:00:00.000Z
NCD_BMI_30C,"Prevalence of obesity among adults, BMI &GreaterEqual; 30 (crude estimate) (%)",numeric,WPR,Western Pacific,Country,AUS,Australia,Year,2006,false,Sex,Female,SEX_FMLE,Age Group,18+  years,AGEGROUP_YEARS18-PLUS,,,,,,,24,,,22.49,,25.56,24.0 [22.5-25.6],,,EN,2024-02-29T06:00:00.000Z
NCD_BMI_30C,"Prevalence of obesity among adults, BMI &GreaterEqual; 30 (crude estimate) (%)",numeric,WPR,Western Pacific,Country,AUS,Australia,Year,2006,false,Sex,Both sexes,SEX_BTSX,Age Group,18+  years,AGEGROUP_YEARS18-PLUS,,,,,,,24.04,,,22.93,,25.19,24.0 [22.9-25.2],,,EN,2024-02-29T06:00:00.000Z
NCD_BMI_30C,"Prevalence of obesity among adults, BMI &GreaterEqual; 30 (crude estimate) (%)",numeric,WPR,Western Pacific,Country,AUS,Australia,Year,2006,false,Sex,Male,SEX_MLE,Age Group,18+  years,AGEGROUP_YEARS18-PLUS,,,,,,,24.09,,,22.46,,25.77,24.1 [22.5-25.8],,,EN,2024-02-29T06:00:00.000Z
NCD_BMI_30C,"Prevalence of obesity among adults, BMI &GreaterEqual; 30 (crude estimate) (%)",numeric,WPR,Western Pacific,Country,CHN,China,Year,2006,false,Sex,Both sexes,SEX_BTSX,Age Group,18+  years,AGEGROUP_YEARS18-PLUS,,,,,,,3.12,,,2.94,,3.29,3.1 [2.9-3.3],,,EN,2024-02-29T06:00:00.000Z
NCD_BMI_30C,"Prevalence of obesity among adults, BMI &GreaterEqual; 30 (crude estimate) (%)",numeric,WPR,Western Pacific,Country,CHN,China,Year,2006,false,Sex,Female,SEX_FMLE,Age Group,18+  years,AGEGROUP_YEARS18-PLUS,,,,,,,3.51,,,3.25,,3.79,3.5 [3.3-3.8],,,EN,2024-02-29T06:00:00.000Z
NCD_BMI_30C,"Prevalence of obesity among adults, BMI &GreaterEqual; 30 (crude estimate) (%)",numeric,WPR,Western Pacific,Country,CHN,China,Year,2005,false,Sex,Male,SEX_MLE,Age Group,18+  years,AGEGROUP_YEARS18-PLUS,,,,,,,2.52,,,2.29,,2.75,2.5 [2.3-2.8],,,EN,2024-02-29T06:00:00.000Z
NCD_BMI_30C,"Prevalence of obesity among adults, BMI &GreaterEqual; 30 (crude estimate) (%)",numeric,WPR,Western Pacific,Country,CHN,China,Year,2005,false,Sex,Both sexes,SEX_BTSX,Age Group,18+  years,AGEGROUP_YEARS18-PLUS,,,,,,,2.92,,,2.75,,3.1,2.9 [2.8-3.1],,,EN,2024-02-29T06:00:00.000Z
NCD_BMI_30C,"Prevalence of obesity among adults, BMI &GreaterEqual; 30 (crude estimate) (%)",numeric,WPR,Western Pacific,Country,AUS,Australia,Year,2005,false,Sex,Male,SEX_MLE,Age Group,18+  years,AGEGROUP_YEARS18-PLUS,,,,,,,23.46,,,21.83,,25.15,23.5 [21.8-25.1],,,EN,2024-02-29T06:00:00.000Z
NCD_BMI_30C,"Prevalence of obesity among adults, BMI &GreaterEqual; 30 (crude estimate) (%)",numeric,WPR,Western Pacific,Country,AUS,Australia,Year,2005,false,Sex,Female,SEX_FMLE,Age Group,18+  years,AGEGROUP_YEARS18-PLUS,,,,,,,23.51,,,21.97,,25.09,23.5 [22.0-25.1],,,EN,2024-02-29T06:00:00.000Z
NCD_BMI_30C,"Prevalence of obesity among adults, BMI &GreaterEqual; 30 (crude estimate) (%)",numeric,WPR,Western Pacific,Country,AUS,Australia,Year,2005,false,Sex,Both sexes,SEX_BTSX,Age Group,18+  years,AGEGROUP_YEARS18-PLUS,,,,,,,23.49,,,22.35,,24.65,23.5 [22.4-24.6],,,EN,2024-02-29T06:00:00.000Z
NCD_BMI_30C,"Prevalence of obesity among adults, BMI &GreaterEqual; 30 (crude estimate) (%)",numeric,WPR,Western Pacific,Country,CHN,China,Year,2005,false,Sex,Female,SEX_FMLE,Age Group,18+  years,AGEGROUP_YEARS18-PLUS,,,,,,,3.34,,,3.08,,3.61,3.3 [3.1-3.6],,,EN,2024-02-29T06:00:00.000Z
NCD_BMI_30C,"Prevalence of obesity among adults, BMI &GreaterEqual; 30 (crude estimate) (%)",numeric,WPR,Western Pacific,Country,CHN,China,Year,2004,false,Sex,Male,SEX_MLE,Age Group,18+  years,AGEGROUP_YEARS18-PLUS,,,,,,,2.33,,,2.11,,2.55,2.3 [2.1-2.5],,,EN,2024-02-29T06:00:00.000Z
NCD_BMI_30C,"Prevalence of obesity among adults, BMI &GreaterEqual; 30 (crude estimate) (%)",numeric,WPR,Western Pacific,Country,CHN,China,Year,2004,false,Sex,Both sexes,SEX_BTSX,Age Group,18+  years,AGEGROUP_YEARS18-PLUS,,,,,,,2.75,,,2.58,,2.92,2.7 [2.6-2.9],,,EN,2024-02-29T06:00:00.000Z
NCD_BMI_30C,"Prevalence of obesity among adults, BMI &GreaterEqual; 30 (crude estimate) (%)",numeric,WPR,Western Pacific,Country,AUS,Australia,Year,2004,false,Sex,Male,SEX_MLE,Age Group,18+  years,AGEGROUP_YEARS18-PLUS,,,,,,,22.8,,,21.14,,24.51,22.8 [21.1-24.5],,,EN,2024-02-29T06:00:00.000Z
NCD_BMI_30C,"Prevalence of obesity among adults, BMI &GreaterEqual; 30 (crude estimate) (%)",numeric,WPR,Western Pacific,Country,AUS,Australia,Year,2004,false,Sex,Both sexes,SEX_BTSX,Age Group,18+  years,AGEGROUP_YEARS18-PLUS,,,,,,,22.89,,,21.76,,24.05,22.9 [21.8-24.0],,,EN,2024-02-29T06:00:00.000Z
NCD_BMI_30C,"Prevalence of obesity among adults, BMI &GreaterEqual; 30 (crude estimate) (%)",numeric,WPR,Western Pacific,Country,AUS,Australia,Year,2004,false,Sex,Female,SEX_FMLE,Age Group,18+  years,AGEGROUP_YEARS18-PLUS,,,,,,,22.97,,,21.43,,24.58,23.0 [21.4-24.6],,,EN,2024-02-29T06:00:00.000Z
NCD_BMI_30C,"Prevalence of obesity among adults, BMI &GreaterEqual; 30 (crude estimate) (%)",numeric,WPR,Western Pacific,Country,CHN,China,Year,2004,false,Sex,Female,SEX_FMLE,Age Group,18+  years,AGEGROUP_YEARS18-PLUS,,,,,,,3.18,,,2.92,,3.44,3.2 [2.9-3.4],,,EN,2024-02-29T06:00:00.000Z
NCD_BMI_30C,"Prevalence of obesity among adults, BMI &GreaterEqual; 30 (crude estimate) (%)",numeric,WPR,Western Pacific,Country,CHN,China,Year,2003,false,Sex,Male,SEX_MLE,Age Group,18+  years,AGEGROUP_YEARS18-PLUS,,,,,,,2.15,,,1.95,,2.37,2.2 [1.9-2.4],,,EN,2024-02-29T06:00:00.000Z
NCD_BMI_30C,"Prevalence of obesity among adults, BMI &GreaterEqual; 30 (crude estimate) (%)",numeric,WPR,Western Pacific,Country,CHN,China,Year,2003,false,Sex,Both sexes,SEX_BTSX,Age Group,18+  years,AGEGROUP_YEARS18-PLUS,,,,,,,2.58,,,2.42,,2.75,2.6 [2.4-2.8],,,EN,2024-02-29T06:00:00.000Z
NCD_BMI_30C,"Prevalence of obesity among adults, BMI &GreaterEqual; 30 (crude estimate) (%)",numeric,WPR,Western Pacific,Country,AUS,Australia,Year,2003,false,Sex,Male,SEX_MLE,Age Group,18+  years,AGEGROUP_YEARS18-PLUS,,,,,,,22.11,,,20.42,,23.82,22.1 [20.4-23.8],,,EN,2024-02-29T06:00:00.000Z
NCD_BMI_30C,"Prevalence of obesity among adults, BMI &GreaterEqual; 30 (crude estimate) (%)",numeric,WPR,Western Pacific,Country,AUS,Australia,Year,2003,false,Sex,Both sexes,SEX_BTSX,Age Group,18+  years,AGEGROUP_YEARS18-PLUS,,,,,,,22.26,,,21.14,,23.42,22.3 [21.1-23.4],,,EN,2024-02-29T06:00:00.000Z
NCD_BMI_30C,"Prevalence of obesity among adults, BMI &GreaterEqual; 30 (crude estimate) (%)",numeric,WPR,Western Pacific,Country,AUS,Australia,Year,2003,false,Sex,Female,SEX_FMLE,Age Group,18+  years,AGEGROUP_YEARS18-PLUS,,,,,,,22.4,,,20.87,,24.01,22.4 [20.9-24.0],,,EN,2024-02-29T06:00:00.000Z
NCD_BMI_30C,"Prevalence of obesity among adults, BMI &GreaterEqual; 30 (crude estimate) (%)",numeric,WPR,Western Pacific,Country,CHN,China,Year,2003,false,Sex,Female,SEX_FMLE,Age Group,18+  years,AGEGROUP_YEARS18-PLUS,,,,,,,3.02,,,2.77,,3.29,3.0 [2.8-3.3],,,EN,2024-02-29T06:00:00.000Z
NCD_BMI_30C,"Prevalence of obesity among adults, BMI &GreaterEqual; 30 (crude estimate) (%)",numeric,WPR,Western Pacific,Country,CHN,China,Year,2002,false,Sex,Male,SEX_MLE,Age Group,18+  years,AGEGROUP_YEARS18-PLUS,,,,,,,1.99,,,1.79,,2.21,2.0 [1.8-2.2],,,EN,2024-02-29T06:00:00.000Z
NCD_BMI_30C,"Prevalence of obesity among adults, BMI &GreaterEqual; 30 (crude estimate) (%)",numeric,WPR,Western Pacific,Country,CHN,China,Year,2002,false,Sex,Both sexes,SEX_BTSX,Age Group,18+  years,AGEGROUP_YEARS18-PLUS,,,,,,,2.43,,,2.27,,2.6,2.4 [2.3-2.6],,,EN,2024-02-29T06:00:00.000Z
NCD_BMI_30C,"Prevalence of obesity among adults, BMI &GreaterEqual; 30 (crude estimate) (%)",numeric,WPR,Western Pacific,Country,CHN,China,Year,2002,false,Sex,Female,SEX_FMLE,Age Group,18+  years,AGEGROUP_YEARS18-PLUS,,,,,,,2.88,,,2.63,,3.14,2.9 [2.6-3.1],,,EN,2024-02-29T06:00:00.000Z
NCD_BMI_30C,"Prevalence of obesity among adults, BMI &GreaterEqual; 30 (crude estimate) (%)",numeric,WPR,Western Pacific,Country,AUS,Australia,Year,2002,false,Sex,Male,SEX_MLE,Age Group,18+  years,AGEGROUP_YEARS18-PLUS,,,,,,,21.38,,,19.7,,23.06,21.4 [19.7-23.1],,,EN,2024-02-29T06:00:00.000Z
NCD_BMI_30C,"Prevalence of obesity among adults, BMI &GreaterEqual; 30 (crude estimate) (%)",numeric,WPR,Western Pacific,Country,AUS,Australia,Year,2002,false,Sex,Both sexes,SEX_BTSX,Age Group,18+  years,AGEGROUP_YEARS18-PLUS,,,,,,,21.59,,,20.48,,22.75,21.6 [20.5-22.7],,,EN,2024-02-29T06:00:00.000Z
NCD_BMI_30C,"Prevalence of obesity among adults, BMI &GreaterEqual; 30 (crude estimate) (%)",numeric,WPR,Western Pacific,Country,AUS,Australia,Year,2002,false,Sex,Female,SEX_FMLE,Age Group,18+  years,AGEGROUP_YEARS18-PLUS,,,,,,,21.79,,,20.27,,23.39,21.8 [20.3-23.4],,,EN,2024-02-29T06:00:00.000Z
NCD_BMI_30C,"Prevalence of obesity among adults, BMI &GreaterEqual; 30 (crude estimate) (%)",numeric,WPR,Western Pacific,Country,CHN,China,Year,2001,false,Sex,Male,SEX_MLE,Age Group,18+  years,AGEGROUP_YEARS18-PLUS,,,,,,,1.84,,,1.65,,2.06,1.8 [1.6-2.1],,,EN,2024-02-29T06:00:00.000Z
NCD_BMI_30C,"Prevalence of obesity among adults, BMI &GreaterEqual; 30 (crude estimate) (%)",numeric,WPR,Western Pacific,Country,CHN,China,Year,2001,false,Sex,Both sexes,SEX_BTSX,Age Group,18+  years,AGEGROUP_YEARS18-PLUS,,,,,,,2.29,,,2.14,,2.46,2.3 [2.1-2.5],,,EN,2024-02-29T06:00:00.000Z
NCD_BMI_30C,"Prevalence of obesity among adults, BMI &GreaterEqual; 30 (crude estimate) (%)",numeric,WPR,Western Pacific,Country,CHN,China,Year,2001,false,Sex,Female,SEX_FMLE,Age Group,18+  years,AGEGROUP_YEARS18-PLUS,,,,,,,2.75,,,2.51,,3.01,2.7 [2.5-3.0],,,EN,2024-02-29T06:00:00.000Z
NCD_BMI_30C,"Prevalence of obesity among adults, BMI &GreaterEqual; 30 (crude estimate) (%)",numeric,WPR,Western Pacific,Country,AUS,Australia,Year,2001,false,Sex,Male,SEX_MLE,Age Group,18+  years,AGEGROUP_YEARS18-PLUS,,,,,,,20.64,,,18.99,,22.28,20.6 [19.0-22.3],,,EN,2024-02-29T06:00:00.000Z
NCD_BMI_30C,"Prevalence of obesity among adults, BMI &GreaterEqual; 30 (crude estimate) (%)",numeric,WPR,Western Pacific,Country,AUS,Australia,Year,2001,false,Sex,Both sexes,SEX_BTSX,Age Group,18+  years,AGEGROUP_YEARS18-PLUS,,,,,,,20.9,,,19.78,,22.05,20.9 [19.8-22.1],,,EN,2024-02-29T06:00:00.000Z
NCD_BMI_30C,"Prevalence of obesity among adults, BMI &GreaterEqual; 30 (crude estimate) (%)",numeric,WPR,Western Pacific,Country,AUS,Australia,Year,2001,false,Sex,Female,SEX_FMLE,Age Group,18+  years,AGEGROUP_YEARS18-PLUS,,,,,,,21.15,,,19.63,,22.75,21.1 [19.6-22.8],,,EN,2024-02-29T06:00:00.000Z
NCD_BMI_30C,"Prevalence of obesity among adults, BMI &GreaterEqual; 30 (crude estimate) (%)",numeric,WPR,Western Pacific,Country,CHN,China,Year,2000,false,Sex,Male,SEX_MLE,Age Group,18+  years,AGEGROUP_YEARS18-PLUS,,,,,,,1.7,,,1.51,,1.91,1.7 [1.5-1.9],,,EN,2024-02-29T06:00:00.000Z
NCD_BMI_30C,"Prevalence of obesity among adults, BMI &GreaterEqual; 30 (crude estimate) (%)",numeric,WPR,Western Pacific,Country,AUS,Australia,Year,2000,false,Sex,Male,SEX_MLE,Age Group,18+  years,AGEGROUP_YEARS18-PLUS,,,,,,,19.86,,,18.26,,21.5,19.9 [18.3-21.5],,,EN,2024-02-29T06:00:00.000Z
NCD_BMI_30C,"Prevalence of obesity among adults, BMI &GreaterEqual; 30 (crude estimate) (%)",numeric,WPR,Western Pacific,Country,CHN,China,Year,2000,false,Sex,Both sexes,SEX_BTSX,Age Group,18+  years,AGEGROUP_YEARS18-PLUS,,,,,,,2.16,,,2,,2.32,2.2 [2.0-2.3],,,EN,2024-02-29T06:00:00.000Z
NCD_BMI_30C,"Prevalence of obesity among adults, BMI &GreaterEqual; 30 (crude estimate) (%)",numeric,WPR,Western Pacific,Country,CHN,China,Year,2000,false,Sex,Female,SEX_FMLE,Age Group,18+  years,AGEGROUP_YEARS18-PLUS,,,,,,,2.62,,,2.38,,2.88,2.6 [2.4-2.9],,,EN,2024-02-29T06:00:00.000Z
NCD_BMI_30C,"Prevalence of obesity among adults, BMI &GreaterEqual; 30 (crude estimate) (%)",numeric,WPR,Western Pacific,Country,AUS,Australia,Year,2000,false,Sex,Both sexes,SEX_BTSX,Age Group,18+  years,AGEGROUP_YEARS18-PLUS,,,,,,,20.17,,,19.06,,21.32,20.2 [19.1-21.3],,,EN,2024-02-29T06:00:00.000Z
NCD_BMI_30C,"Prevalence of obesity among adults, BMI &GreaterEqual; 30 (crude estimate) (%)",numeric,WPR,Western Pacific,Country,AUS,Australia,Year,2000,false,Sex,Female,SEX_FMLE,Age Group,18+  years,AGEGROUP_YEARS18-PLUS,,,,,,,20.47,,,18.96,,22.06,20.5 [19.0-22.1],,,EN,2024-02-29T06:00:00.000Z
NCD_BMI_30C,"Prevalence of obesity among adults, BMI &GreaterEqual; 30 (crude estimate) (%)",numeric,WPR,Western Pacific,Country,CHN,China,Year,1999,false,Sex,Male,SEX_MLE,Age Group,18+  years,AGEGROUP_YEARS18-PLUS,,,,,,,1.57,,,1.39,,1.77,1.6 [1.4-1.8],,,EN,2024-02-29T06:00:00.000Z
NCD_BMI_30C,"Prevalence of obesity among adults, BMI &GreaterEqual; 30 (crude estimate) (%)",numeric,WPR,Western Pacific,Country,AUS,Australia,Year,1999,false,Sex,Male,SEX_MLE,Age Group,18+  years,AGEGROUP_YEARS18-PLUS,,,,,,,19.08,,,17.5,,20.7,19.1 [17.5-20.7],,,EN,2024-02-29T06:00:00.000Z
NCD_BMI_30C,"Prevalence of obesity among adults, BMI &GreaterEqual; 30 (crude estimate) (%)",numeric,WPR,Western Pacific,Country,AUS,Australia,Year,1999,false,Sex,Both sexes,SEX_BTSX,Age Group,18+  years,AGEGROUP_YEARS18-PLUS,,,,,,,19.43,,,18.33,,20.57,19.4 [18.3-20.6],,,EN,2024-02-29T06:00:00.000Z
NCD_BMI_30C,"Prevalence of obesity among adults, BMI &GreaterEqual; 30 (crude estimate) (%)",numeric,WPR,Western Pacific,Country,AUS,Australia,Year,1999,false,Sex,Female,SEX_FMLE,Age Group,18+  years,AGEGROUP_YEARS18-PLUS,,,,,,,19.76,,,18.26,,21.33,19.8 [18.3-21.3],,,EN,2024-02-29T06:00:00.000Z
NCD_BMI_30C,"Prevalence of obesity among adults, BMI &GreaterEqual; 30 (crude estimate) (%)",numeric,WPR,Western Pacific,Country,CHN,China,Year,1999,false,Sex,Both sexes,SEX_BTSX,Age Group,18+  years,AGEGROUP_YEARS18-PLUS,,,,,,,2.03,,,1.88,,2.18,2.0 [1.9-2.2],,,EN,2024-02-29T06:00:00.000Z
NCD_BMI_30C,"Prevalence of obesity among adults, BMI &GreaterEqual; 30 (crude estimate) (%)",numeric,WPR,Western Pacific,Country,CHN,China,Year,1999,false,Sex,Female,SEX_FMLE,Age Group,18+  years,AGEGROUP_YEARS18-PLUS,,,,,,,2.5,,,2.26,,2.75,2.5 [2.3-2.8],,,EN,2024-02-29T06:00:00.000Z
NCD_BMI_30C,"Prevalence of obesity among adults, BMI &GreaterEqual; 30 (crude estimate) (%)",numeric,WPR,Western Pacific,Country,CHN,China,Year,1998,false,Sex,Male,SEX_MLE,Age Group,18+  years,AGEGROUP_YEARS18-PLUS,,,,,,,1.44,,,1.27,,1.63,1.4 [1.3-1.6],,,EN,2024-02-29T06:00:00.000Z
NCD_BMI_30C,"Prevalence of obesity among adults, BMI &GreaterEqual; 30 (crude estimate) (%)",numeric,WPR,Western Pacific,Country,CHN,China,Year,1998,false,Sex,Both sexes,SEX_BTSX,Age Group,18+  years,AGEGROUP_YEARS18-PLUS,,,,,,,1.9,,,1.76,,2.06,1.9 [1.8-2.1],,,EN,2024-02-29T06:00:00.000Z
NCD_BMI_30C,"Prevalence of obesity among adults, BMI &GreaterEqual; 30 (crude estimate) (%)",numeric,WPR,Western Pacific,Country,AUS,Australia,Year,1998,false,Sex,Male,SEX_MLE,Age Group,18+  years,AGEGROUP_YEARS18-PLUS,,,,,,,18.31,,,16.75,,19.88,18.3 [16.8-19.9],,,EN,2024-02-29T06:00:00.000Z
NCD_BMI_30C,"Prevalence of obesity among adults, BMI &GreaterEqual; 30 (crude estimate) (%)",numeric,WPR,Western Pacific,Country,AUS,Australia,Year,1998,false,Sex,Both sexes,SEX_BTSX,Age Group,18+  years,AGEGROUP_YEARS18-PLUS,,,,,,,18.67,,,17.58,,19.81,18.7 [17.6-19.8],,,EN,2024-02-29T06:00:00.000Z
NCD_BMI_30C,"Prevalence of obesity among adults, BMI &GreaterEqual; 30 (crude estimate) (%)",numeric,WPR,Western Pacific,Country,AUS,Australia,Year,1998,false,Sex,Female,SEX_FMLE,Age Group,18+  years,AGEGROUP_YEARS18-PLUS,,,,,,,19.03,,,17.55,,20.58,19.0 [17.5-20.6],,,EN,2024-02-29T06:00:00.000Z
NCD_BMI_30C,"Prevalence of obesity among adults, BMI &GreaterEqual; 30 (crude estimate) (%)",numeric,WPR,Western Pacific,Country,CHN,China,Year,1998,false,Sex,Female,SEX_FMLE,Age Group,18+  years,AGEGROUP_YEARS18-PLUS,,,,,,,2.37,,,2.14,,2.62,2.4 [2.1-2.6],,,EN,2024-02-29T06:00:00.000Z
NCD_BMI_30C,"Prevalence of obesity among adults, BMI &GreaterEqual; 30 (crude estimate) (%)",numeric,WPR,Western Pacific,Country,CHN,China,Year,1997,false,Sex,Male,SEX_MLE,Age Group,18+  years,AGEGROUP_YEARS18-PLUS,,,,,,,1.32,,,1.16,,1.51,1.3 [1.2-1.5],,,EN,2024-02-29T06:00:00.000Z
NCD_BMI_30C,"Prevalence of obesity among adults, BMI &GreaterEqual; 30 (crude estimate) (%)",numeric,WPR,Western Pacific,Country,CHN,China,Year,1997,false,Sex,Both sexes,SEX_BTSX,Age Group,18+  years,AGEGROUP_YEARS18-PLUS,,,,,,,1.78,,,1.64,,1.93,1.8 [1.6-1.9],,,EN,2024-02-29T06:00:00.000Z
NCD_BMI_30C,"Prevalence of obesity among adults, BMI &GreaterEqual; 30 (crude estimate) (%)",numeric,WPR,Western Pacific,Country,AUS,Australia,Year,1997,false,Sex,Male,SEX_MLE,Age Group,18+  years,AGEGROUP_YEARS18-PLUS,,,,,,,17.53,,,16.03,,19.1,17.5 [16.0-19.1],,,EN,2024-02-29T06:00:00.000Z
NCD_BMI_30C,"Prevalence of obesity among adults, BMI &GreaterEqual; 30 (crude estimate) (%)",numeric,WPR,Western Pacific,Country,AUS,Australia,Year,1997,false,Sex,Both sexes,SEX_BTSX,Age Group,18+  years,AGEGROUP_YEARS18-PLUS,,,,,,,17.91,,,16.85,,19.03,17.9 [16.9-19.0],,,EN,2024-02-29T06:00:00.000Z
NCD_BMI_30C,"Prevalence of obesity among adults, BMI &GreaterEqual; 30 (crude estimate) (%)",numeric,WPR,Western Pacific,Country,AUS,Australia,Year,1997,false,Sex,Female,SEX_FMLE,Age Group,18+  years,AGEGROUP_YEARS18-PLUS,,,,,,,18.27,,,16.82,,19.79,18.3 [16.8-19.8],,,EN,2024-02-29T06:00:00.000Z
NCD_BMI_30C,"Prevalence of obesity among adults, BMI &GreaterEqual; 30 (crude estimate) (%)",numeric,WPR,Western Pacific,Country,CHN,China,Year,1997,false,Sex,Female,SEX_FMLE,Age Group,18+  years,AGEGROUP_YEARS18-PLUS,,,,,,,2.25,,,2.03,,2.49,2.3 [2.0-2.5],,,EN,2024-02-29T06:00:00.000Z
NCD_BMI_30C,"Prevalence of obesity among adults, BMI &GreaterEqual; 30 (crude estimate) (%)",numeric,WPR,Western Pacific,Country,CHN,China,Year,1996,false,Sex,Male,SEX_MLE,Age Group,18+  years,AGEGROUP_YEARS18-PLUS,,,,,,,1.22,,,1.06,,1.39,1.2 [1.1-1.4],,,EN,2024-02-29T06:00:00.000Z
NCD_BMI_30C,"Prevalence of obesity among adults, BMI &GreaterEqual; 30 (crude estimate) (%)",numeric,WPR,Western Pacific,Country,CHN,China,Year,1996,false,Sex,Both sexes,SEX_BTSX,Age Group,18+  years,AGEGROUP_YEARS18-PLUS,,,,,,,1.67,,,1.54,,1.82,1.7 [1.5-1.8],,,EN,2024-02-29T06:00:00.000Z
NCD_BMI_30C,"Prevalence of obesity among adults, BMI &GreaterEqual; 30 (crude estimate) (%)",numeric,WPR,Western Pacific,Country,AUS,Australia,Year,1996,false,Sex,Male,SEX_MLE,Age Group,18+  years,AGEGROUP_YEARS18-PLUS,,,,,,,16.76,,,15.29,,18.3,16.8 [15.3-18.3],,,EN,2024-02-29T06:00:00.000Z
NCD_BMI_30C,"Prevalence of obesity among adults, BMI &GreaterEqual; 30 (crude estimate) (%)",numeric,WPR,Western Pacific,Country,AUS,Australia,Year,1996,false,Sex,Both sexes,SEX_BTSX,Age Group,18+  years,AGEGROUP_YEARS18-PLUS,,,,,,,17.14,,,16.11,,18.23,17.1 [16.1-18.2],,,EN,2024-02-29T06:00:00.000Z
NCD_BMI_30C,"Prevalence of obesity among adults, BMI &GreaterEqual; 30 (crude estimate) (%)",numeric,WPR,Western Pacific,Country,AUS,Australia,Year,1996,false,Sex,Female,SEX_FMLE,Age Group,18+  years,AGEGROUP_YEARS18-PLUS,,,,,,,17.51,,,16.11,,19.02,17.5 [16.1-19.0],,,EN,2024-02-29T06:00:00.000Z
NCD_BMI_30C,"Prevalence of obesity among adults, BMI &GreaterEqual; 30 (crude estimate) (%)",numeric,WPR,Western Pacific,Country,CHN,China,Year,1996,false,Sex,Female,SEX_FMLE,Age Group,18+  years,AGEGROUP_YEARS18-PLUS,,,,,,,2.14,,,1.92,,2.37,2.1 [1.9-2.4],,,EN,2024-02-29T06:00:00.000Z
NCD_BMI_30C,"Prevalence of obesity among adults, BMI &GreaterEqual; 30 (crude estimate) (%)",numeric,WPR,Western Pacific,Country,CHN,China,Year,1995,false,Sex,Male,SEX_MLE,Age Group,18+  years,AGEGROUP_YEARS18-PLUS,,,,,,,1.11,,,0.97,,1.27,1.1 [1.0-1.3],,,EN,2024-02-29T06:00:00.000Z
NCD_BMI_30C,"Prevalence of obesity among adults, BMI &GreaterEqual; 30 (crude estimate) (%)",numeric,WPR,Western Pacific,Country,CHN,China,Year,1995,false,Sex,Both sexes,SEX_BTSX,Age Group,18+  years,AGEGROUP_YEARS18-PLUS,,,,,,,1.57,,,1.45,,1.71,1.6 [1.4-1.7],,,EN,2024-02-29T06:00:00.000Z
NCD_BMI_30C,"Prevalence of obesity among adults, BMI &GreaterEqual; 30 (crude estimate) (%)",numeric,WPR,Western Pacific,Country,AUS,Australia,Year,1995,false,Sex,Male,SEX_MLE,Age Group,18+  years,AGEGROUP_YEARS18-PLUS,,,,,,,16.01,,,14.57,,17.52,16.0 [14.6-17.5],,,EN,2024-02-29T06:00:00.000Z
NCD_BMI_30C,"Prevalence of obesity among adults, BMI &GreaterEqual; 30 (crude estimate) (%)",numeric,WPR,Western Pacific,Country,AUS,Australia,Year,1995,false,Sex,Both sexes,SEX_BTSX,Age Group,18+  years,AGEGROUP_YEARS18-PLUS,,,,,,,16.39,,,15.4,,17.45,16.4 [15.4-17.4],,,EN,2024-02-29T06:00:00.000Z
NCD_BMI_30C,"Prevalence of obesity among adults, BMI &GreaterEqual; 30 (crude estimate) (%)",numeric,WPR,Western Pacific,Country,AUS,Australia,Year,1995,false,Sex,Female,SEX_FMLE,Age Group,18+  years,AGEGROUP_YEARS18-PLUS,,,,,,,16.76,,,15.39,,18.23,16.8 [15.4-18.2],,,EN,2024-02-29T06:00:00.000Z
NCD_BMI_30C,"Prevalence of obesity among adults, BMI &GreaterEqual; 30 (crude estimate) (%)",numeric,WPR,Western Pacific,Country,CHN,China,Year,1995,false,Sex,Female,SEX_FMLE,Age Group,18+  years,AGEGROUP_YEARS18-PLUS,,,,,,,2.04,,,1.83,,2.26,2.0 [1.8-2.3],,,EN,2024-02-29T06:00:00.000Z
NCD_BMI_30C,"Prevalence of obesity among adults, BMI &GreaterEqual; 30 (crude estimate) (%)",numeric,WPR,Western Pacific,Country,CHN,China,Year,1994,false,Sex,Male,SEX_MLE,Age Group,18+  years,AGEGROUP_YEARS18-PLUS,,,,,,,1.02,,,0.89,,1.17,1.0 [0.9-1.2],,,EN,2024-02-29T06:00:00.000Z
NCD_BMI_30C,"Prevalence of obesity among adults, BMI &GreaterEqual; 30 (crude estimate) (%)",numeric,WPR,Western Pacific,Country,CHN,China,Year,1994,false,Sex,Both sexes,SEX_BTSX,Age Group,18+  years,AGEGROUP_YEARS18-PLUS,,,,,,,1.48,,,1.36,,1.61,1.5 [1.4-1.6],,,EN,2024-02-29T06:00:00.000Z
NCD_BMI_30C,"Prevalence of obesity among adults, BMI &GreaterEqual; 30 (crude estimate) (%)",numeric,WPR,Western Pacific,Country,CHN,China,Year,1994,false,Sex,Female,SEX_FMLE,Age Group,18+  years,AGEGROUP_YEARS18-PLUS,,,,,,,1.94,,,1.74,,2.16,1.9 [1.7-2.2],,,EN,2024-02-29T06:00:00.000Z
NCD_BMI_30C,"Prevalence of obesity among adults, BMI &GreaterEqual; 30 (crude estimate) (%)",numeric,WPR,Western Pacific,Country,AUS,Australia,Year,1994,false,Sex,Male,SEX_MLE,Age Group,18+  years,AGEGROUP_YEARS18-PLUS,,,,,,,15.27,,,13.9,,16.74,15.3 [13.9-16.7],,,EN,2024-02-29T06:00:00.000Z
NCD_BMI_30C,"Prevalence of obesity among adults, BMI &GreaterEqual; 30 (crude estimate) (%)",numeric,WPR,Western Pacific,Country,AUS,Australia,Year,1994,false,Sex,Both sexes,SEX_BTSX,Age Group,18+  years,AGEGROUP_YEARS18-PLUS,,,,,,,15.65,,,14.69,,16.68,15.6 [14.7-16.7],,,EN,2024-02-29T06:00:00.000Z
NCD_BMI_30C,"Prevalence of obesity among adults, BMI &GreaterEqual; 30 (crude estimate) (%)",numeric,WPR,Western Pacific,Country,AUS,Australia,Year,1994,false,Sex,Female,SEX_FMLE,Age Group,18+  years,AGEGROUP_YEARS18-PLUS,,,,,,,16.01,,,14.68,,17.44,16.0 [14.7-17.4],,,EN,2024-02-29T06:00:00.000Z
NCD_BMI_30C,"Prevalence of obesity among adults, BMI &GreaterEqual; 30 (crude estimate) (%)",numeric,WPR,Western Pacific,Country,CHN,China,Year,1993,false,Sex,Male,SEX_MLE,Age Group,18+  years,AGEGROUP_YEARS18-PLUS,,,,,,,0.93,,,0.81,,1.06,0.9 [0.8-1.1],,,EN,2024-02-29T06:00:00.000Z
NCD_BMI_30C,"Prevalence of obesity among adults, BMI &GreaterEqual; 30 (crude estimate) (%)",numeric,WPR,Western Pacific,Country,CHN,China,Year,1993,false,Sex,Both sexes,SEX_BTSX,Age Group,18+  years,AGEGROUP_YEARS18-PLUS,,,,,,,1.38,,,1.27,,1.5,1.4 [1.3-1.5],,,EN,2024-02-29T06:00:00.000Z
NCD_BMI_30C,"Prevalence of obesity among adults, BMI &GreaterEqual; 30 (crude estimate) (%)",numeric,WPR,Western Pacific,Country,CHN,China,Year,1993,false,Sex,Female,SEX_FMLE,Age Group,18+  years,AGEGROUP_YEARS18-PLUS,,,,,,,1.85,,,1.65,,2.06,1.8 [1.6-2.1],,,EN,2024-02-29T06:00:00.000Z
NCD_BMI_30C,"Prevalence of obesity among adults, BMI &GreaterEqual; 30 (crude estimate) (%)",numeric,WPR,Western Pacific,Country,AUS,Australia,Year,1993,false,Sex,Male,SEX_MLE,Age Group,18+  years,AGEGROUP_YEARS18-PLUS,,,,,,,14.55,,,13.19,,15.97,14.6 [13.2-16.0],,,EN,2024-02-29T06:00:00.000Z
NCD_BMI_30C,"Prevalence of obesity among adults, BMI &GreaterEqual; 30 (crude estimate) (%)",numeric,WPR,Western Pacific,Country,AUS,Australia,Year,1993,false,Sex,Both sexes,SEX_BTSX,Age Group,18+  years,AGEGROUP_YEARS18-PLUS,,,,,,,14.91,,,13.99,,15.92,14.9 [14.0-15.9],,,EN,2024-02-29T06:00:00.000Z
NCD_BMI_30C,"Prevalence of obesity among adults, BMI &GreaterEqual; 30 (crude estimate) (%)",numeric,WPR,Western Pacific,Country,AUS,Australia,Year,1993,false,Sex,Female,SEX_FMLE,Age Group,18+  years,AGEGROUP_YEARS18-PLUS,,,,,,,15.26,,,13.97,,16.68,15.3 [14.0-16.7],,,EN,2024-02-29T06:00:00.000Z
NCD_BMI_30C,"Prevalence of obesity among adults, BMI &GreaterEqual; 30 (crude estimate) (%)",numeric,WPR,Western Pacific,Country,CHN,China,Year,1992,false,Sex,Male,SEX_MLE,Age Group,18+  years,AGEGROUP_YEARS18-PLUS,,,,,,,0.84,,,0.73,,0.97,0.8 [0.7-1.0],,,EN,2024-02-29T06:00:00.000Z
NCD_BMI_30C,"Prevalence of obesity among adults, BMI &GreaterEqual; 30 (crude estimate) (%)",numeric,WPR,Western Pacific,Country,CHN,China,Year,1992,false,Sex,Both sexes,SEX_BTSX,Age Group,18+  years,AGEGROUP_YEARS18-PLUS,,,,,,,1.29,,,1.19,,1.41,1.3 [1.2-1.4],,,EN,2024-02-29T06:00:00.000Z
NCD_BMI_30C,"Prevalence of obesity among adults, BMI &GreaterEqual; 30 (crude estimate) (%)",numeric,WPR,Western Pacific,Country,CHN,China,Year,1992,false,Sex,Female,SEX_FMLE,Age Group,18+  years,AGEGROUP_YEARS18-PLUS,,,,,,,1.75,,,1.57,,1.96,1.8 [1.6-2.0],,,EN,2024-02-29T06:00:00.000Z
NCD_BMI_30C,"Prevalence of obesity among adults, BMI &GreaterEqual; 30 (crude estimate) (%)",numeric,WPR,Western Pacific,Country,AUS,Australia,Year,1992,false,Sex,Male,SEX_MLE,Age Group,18+  years,AGEGROUP_YEARS18-PLUS,,,,,,,13.85,,,12.52,,15.24,13.9 [12.5-15.2],,,EN,2024-02-29T06:00:00.000Z
NCD_BMI_30C,"Prevalence of obesity among adults, BMI &GreaterEqual; 30 (crude estimate) (%)",numeric,WPR,Western Pacific,Country,AUS,Australia,Year,1992,false,Sex,Both sexes,SEX_BTSX,Age Group,18+  years,AGEGROUP_YEARS18-PLUS,,,,,,,14.2,,,13.29,,15.19,14.2 [13.3-15.2],,,EN,2024-02-29T06:00:00.000Z
NCD_BMI_30C,"Prevalence of obesity among adults, BMI &GreaterEqual; 30 (crude estimate) (%)",numeric,WPR,Western Pacific,Country,AUS,Australia,Year,1992,false,Sex,Female,SEX_FMLE,Age Group,18+  years,AGEGROUP_YEARS18-PLUS,,,,,,,14.53,,,13.27,,15.88,14.5 [13.3-15.9],,,EN,2024-02-29T06:00:00.000Z
NCD_BMI_30C,"Prevalence of obesity among adults, BMI &GreaterEqual; 30 (crude estimate) (%)",numeric,WPR,Western Pacific,Country,CHN,China,Year,1991,false,Sex,Male,SEX_MLE,Age Group,18+  years,AGEGROUP_YEARS18-PLUS,,,,,,,0.76,,,0.66,,0.88,0.8 [0.7-0.9],,,EN,2024-02-29T06:00:00.000Z
NCD_BMI_30C,"Prevalence of obesity among adults, BMI &GreaterEqual; 30 (crude estimate) (%)",numeric,WPR,Western Pacific,Country,CHN,China,Year,1991,false,Sex,Both sexes,SEX_BTSX,Age Group,18+  years,AGEGROUP_YEARS18-PLUS,,,,,,,1.21,,,1.11,,1.33,1.2 [1.1-1.3],,,EN,2024-02-29T06:00:00.000Z
NCD_BMI_30C,"Prevalence of obesity among adults, BMI &GreaterEqual; 30 (crude estimate) (%)",numeric,WPR,Western Pacific,Country,CHN,China,Year,1991,false,Sex,Female,SEX_FMLE,Age Group,18+  years,AGEGROUP_YEARS18-PLUS,,,,,,,1.67,,,1.48,,1.88,1.7 [1.5-1.9],,,EN,2024-02-29T06:00:00.000Z
NCD_BMI_30C,"Prevalence of obesity among adults, BMI &GreaterEqual; 30 (crude estimate) (%)",numeric,WPR,Western Pacific,Country,AUS,Australia,Year,1991,false,Sex,Male,SEX_MLE,Age Group,18+  years,AGEGROUP_YEARS18-PLUS,,,,,,,13.19,,,11.88,,14.55,13.2 [11.9-14.6],,,EN,2024-02-29T06:00:00.000Z
NCD_BMI_30C,"Prevalence of obesity among adults, BMI &GreaterEqual; 30 (crude estimate) (%)",numeric,WPR,Western Pacific,Country,AUS,Australia,Year,1991,false,Sex,Both sexes,SEX_BTSX,Age Group,18+  years,AGEGROUP_YEARS18-PLUS,,,,,,,13.51,,,12.61,,14.46,13.5 [12.6-14.5],,,EN,2024-02-29T06:00:00.000Z
NCD_BMI_30C,"Prevalence of obesity among adults, BMI &GreaterEqual; 30 (crude estimate) (%)",numeric,WPR,Western Pacific,Country,AUS,Australia,Year,1991,false,Sex,Female,SEX_FMLE,Age Group,18+  years,AGEGROUP_YEARS18-PLUS,,,,,,,13.82,,,12.58,,15.14,13.8 [12.6-15.1],,,EN,2024-02-29T06:00:00.000Z
NCD_BMI_30C,"Prevalence of obesity among adults, BMI &GreaterEqual; 30 (crude estimate) (%)",numeric,WPR,Western Pacific,Country,CHN,China,Year,1990,false,Sex,Male,SEX_MLE,Age Group,18+  years,AGEGROUP_YEARS18-PLUS,,,,,,,0.69,,,0.59,,0.8,0.7 [0.6-0.8],,,EN,2024-02-29T06:00:00.000Z
NCD_BMI_30C,"Prevalence of obesity among adults, BMI &GreaterEqual; 30 (crude estimate) (%)",numeric,WPR,Western Pacific,Country,CHN,China,Year,1990,false,Sex,Both sexes,SEX_BTSX,Age Group,18+  years,AGEGROUP_YEARS18-PLUS,,,,,,,1.14,,,1.04,,1.25,1.1 [1.0-1.3],,,EN,2024-02-29T06:00:00.000Z
NCD_BMI_30C,"Prevalence of obesity among adults, BMI &GreaterEqual; 30 (crude estimate) (%)",numeric,WPR,Western Pacific,Country,CHN,China,Year,1990,false,Sex,Female,SEX_FMLE,Age Group,18+  years,AGEGROUP_YEARS18-PLUS,,,,,,,1.6,,,1.41,,1.8,1.6 [1.4-1.8],,,EN,2024-02-29T06:00:00.000Z
NCD_BMI_30C,"Prevalence of obesity among adults, BMI &GreaterEqual; 30 (crude estimate) (%)",numeric,WPR,Western Pacific,Country,AUS,Australia,Year,1990,false,Sex,Male,SEX_MLE,Age Group,18+  years,AGEGROUP_YEARS18-PLUS,,,,,,,12.55,,,11.3,,13.86,12.5 [11.3-13.9],,,EN,2024-02-29T06:00:00.000Z
NCD_BMI_30C,"Prevalence of obesity among adults, BMI &GreaterEqual; 30 (crude estimate) (%)",numeric,WPR,Western Pacific,Country,AUS,Australia,Year,1990,false,Sex,Both sexes,SEX_BTSX,Age Group,18+  years,AGEGROUP_YEARS18-PLUS,,,,,,,12.84,,,11.97,,13.77,12.8 [12.0-13.8],,,EN,2024-02-29T06:00:00.000Z
NCD_BMI_30C,"Prevalence of obesity among adults, BMI &GreaterEqual; 30 (crude estimate) (%)",numeric,WPR,Western Pacific,Country,AUS,Australia,Year,1990,false,Sex,Female,SEX_FMLE,Age Group,18+  years,AGEGROUP_YEARS18-PLUS,,,,,,,13.12,,,11.91,,14.4,13.1 [11.9-14.4],,,EN,2024-02-29T06:00:00.000Z
